"time","value"
1,366.9617467275
2,350.3916796
3,337.39493495
4,330.227256735
5,327.359730805
6,325.7662554
7,323.0753399775
8,284.4539859
9,276.8766468
10,269.9724922675
11,266.63612174
12,265.1642842
13,269.126564175
14,272.059943965
15,274.7752979375
16,273.74108167
17,278.97513571
18,275.0711505225
19,286.165900575
20,391.4938362
21,413.768265
22,418.3373957
23,410.6967457
24,392.8410422
