"time","value"
1,1691.2905662
2,1674.5095135
3,1478.68
4,1318.4872519
5,1236.2736166
6,1225.6734854
7,1320.76015
8,1523.5286334
9,1648.5898681
10,1792.3534335
11,1824.5433681
12,1818.0593
13,1839.2677969
14,1896.4119654
15,1947.8724315
16,1953.8111684
17,1938.6638968
18,1926.8615982
19,1950.096
20,2021.2199135
21,1955.6600847
22,1886.4345838
23,1791.7032032
24,1698.0060865
